key,loudness,tempo,duration_ms,playlist_uri
9,-6.662,77.993,181786,1
9,-6.129,146.992,428000,0
2,-4.819,146.018,484554,0
3,-9.204,77.577,273547,1
7,-6.58,146.015,429041,0
7,-9.265,148.018,442454,0
4,-13.774,76.221,251000,1
4,-10.058,69.462,235853,1
4,-7.842,75.996,246480,1
10,-11.216,76.349,296387,1
2,-14.833,79.693,256639,1
7,-14.651,77.01,236199,1
7,-6.561,148.042,435613,0
7,-5.832,144.0,476667,0
4,-13.414,75.932,243868,1
6,-17.039,75.495,195175,1
11,-6.158,155.858,222293,1
6,-4.534,145.014,470069,0
1,-5.618,144.004,443333,0
6,-5.593,146.002,469315,0
10,-5.699,145.016,453517,0
4,-6.129,74.96,401013,1
5,-6.312,76.902,192993,1
9,-8.278,80.018,201179,1
5,-9.969,80.099,231755,1
10,-6.394,80.344,251693,1
6,-6.392,144.017,493078,0
7,-8.372,74.514,250867,1
7,-6.422,144.994,483310,0
11,-8.594,146.213,420256,0
7,-7.783,144.988,413164,0
2,-8.726,77.818,174867,1
7,-7.036,144.985,468000,0
7,-7.974,148.021,419093,0
5,-10.709,80.015,248920,1
1,-16.071,79.33,199729,1
5,-8.438,77.408,196800,1
1,-10.438,149.953,248840,1
9,-5.994,148.03,441284,0
8,-4.245,79.984,211720,1
3,-12.509,59.54,179827,1
4,-7.742,149.996,438000,0
6,-5.339,147.011,393469,0
2,-7.108,54.134,262320,1
6,-6.588,142.005,422383,0
2,-8.819,79.534,262733,1
6,-6.966,144.998,463448,0
3,-5.917,80.004,259680,1
0,-7.144,180.031,629333,0
4,-8.523,77.53,211053,1
11,-5.647,146.005,483197,0
7,-7.166,146.038,423423,0
7,-6.856,148.999,517047,0
6,-5.716,144.974,390621,0
2,-6.986,147.002,425374,0
7,-6.213,147.994,451750,0
1,-23.684,78.455,228013,1
7,-5.462,146.992,465305,0
7,-4.732,146.012,476712,0
7,-5.002,145.01,675310,0
2,-6.535,62.514,220865,1
0,-5.722,73.247,146283,1
0,-6.509,147.001,463673,0
7,-4.68,147.985,470392,0
7,-14.945,80.169,212853,1
2,-5.628,148.986,459060,0
7,-7.925,137.979,452174,0
5,-7.368,74.985,227080,1
11,-8.247,146.006,430685,0
4,-6.6,60.042,341000,1
3,-9.5,75.641,162453,1
4,-5.499,147.989,434000,0
1,-5.797,145.979,427397,0
11,-6.471,74.981,257253,1
4,-13.246,73.55,156786,1
3,-14.033,79.229,203533,1
1,-13.514,79.981,268933,1
9,-7.94,152.028,502105,0
5,-6.57,74.997,216000,1
7,-7.848,103.074,383321,1
5,-6.412,145.004,402530,0
0,-14.217,66.915,168441,1
9,-5.981,147.99,408360,0
5,-11.117,74.586,205615,1
6,-12.601,60.054,198206,1
5,-10.313,129.127,207719,1
1,-6.606,74.747,269893,1
7,-7.229,141.996,378592,0
9,-6.514,54.539,209630,1
4,-14.166,80.109,203893,1
6,-5.937,142.992,365874,0
9,-9.764,140.002,459429,0
7,-4.944,148.007,458919,0
4,-25.16,73.034,232560,1
7,-4.129,140.017,524571,0
1,-7.101,148.018,477800,0
8,-7.06,180.051,132500,0
9,-17.205,71.772,159804,1
0,-6.679,74.998,198684,1
4,-7.043,71.912,225133,1
7,-6.603,145.002,422069,0
7,-6.31,145.988,445479,0
2,-7.908,145.744,299722,0
0,-7.258,77.994,251707,1
7,-6.931,145.008,439640,0
7,-7.058,148.001,392113,0
8,-10.486,58.555,249147,1
0,-7.075,145.024,435310,0
2,-9.308,79.785,218502,1
7,-6.492,77.827,299027,1
6,-5.303,145.013,464109,0
1,-6.881,147.985,442703,0
11,-7.418,78.965,194506,1
0,-5.549,160.001,533672,0
7,-6.131,148.003,399256,0
0,-5.655,77.861,225973,1
6,-5.4,76.014,240600,1
11,-4.984,173.034,432312,0
7,-5.576,145.986,374201,0
10,-4.717,177.004,419560,0
10,-6.192,148.016,420000,0
8,-6.477,144.982,433655,0
6,-8.408,144.995,470160,0
7,-17.775,46.591,175778,1
1,-5.115,79.028,163253,1
0,-4.518,148.036,396388,0
5,-4.294,147.029,439682,0
1,-11.899,79.705,240827,1
11,-5.332,145.023,397241,0
2,-15.949,75.148,267300,1
2,-7.448,76.514,222173,1
11,-5.789,183.984,417391,0
0,-14.04,76.493,238520,1
6,-6.867,145.011,500000,0
4,-7.427,146.014,430685,0
0,-9.239,60.983,253821,1
5,-11.125,78.0,228480,1
7,-5.666,148.022,468355,0
8,-8.073,140.017,473878,0
1,-3.345,145.003,473379,0
8,-4.57,77.104,208640,1
6,-6.58,148.03,433784,0
6,-6.74,144.017,520000,0
11,-8.585,79.043,326920,1
6,-5.77,146.986,607347,0
2,-9.948,73.329,240760,1
7,-6.357,145.974,491507,0
7,-7.866,147.309,363826,0
8,-9.352,75.279,227954,1
0,-9.345,67.528,183956,1
11,-6.283,143.011,471608,0
9,-10.741,75.005,190750,1
7,-5.658,146.999,425164,0
7,-6.926,147.019,466939,0
4,-6.024,144.018,486667,0
7,-8.423,145.978,430635,0
9,-21.345,63.995,217878,1
7,-6.284,146.015,376953,0
7,-5.363,153.315,169307,1
6,-8.524,143.997,385184,0
8,-7.946,144.01,425211,0
5,-6.519,76.023,160097,1
4,-1.906,144.995,504828,0
5,-9.442,80.089,231760,1
7,-11.856,73.019,223656,1
8,-8.322,146.014,417361,0
11,-6.828,137.996,487391,0
4,-5.32,147.984,406964,0
0,-10.281,139.833,219493,1
1,-9.277,79.509,233785,1
0,-8.618,180.048,544333,0
2,-14.051,76.443,248403,1
0,-7.462,79.988,158062,1
1,-9.938,72.105,234853,1
7,-29.695,72.95,235573,1
1,-6.356,78.047,253520,1
10,-3.747,175.015,458000,0
11,-5.417,77.996,212147,1
7,-4.992,146.023,430685,0
4,-7.098,67.559,252787,1
9,-6.267,146.988,468507,0
0,-16.031,59.219,89072,1
2,-10.132,77.968,356285,1
0,-5.642,76.025,236667,1
5,-5.303,60.878,175061,1
10,-6.549,144.01,440000,0
5,-9.027,78.702,196347,1
9,-6.238,143.014,499238,0
1,-5.454,144.989,516414,0
6,-10.666,64.831,266547,1
7,-9.022,80.002,226500,1
5,-9.76,80.005,266853,1
7,-18.426,78.386,240939,1
1,-8.372,145.986,420845,0
11,-6.814,175.034,504686,0
4,-6.371,77.278,230267,1
2,-8.843,77.065,265098,1
6,-5.231,148.025,480000,0
0,-10.525,74.661,315973,1
7,-5.672,80.05,258727,1
